Workbook

Sheet generation-metropolitan
A1: model_type | B1: age_group | C1: car_user | D1: n | E1: weight | F1: xfactor | G1: weight_per_person
A2: hc | B2: 1 | C2: 0 | D2: 990 | E2: 175172.77 | F2: 194132.25 | G2: 0.9023373
A3: ho | B3: 1 | C3: 0 | D3: 489 | E3: 87558.156 | F3: 194132.25 | G3: 0.45102324
A4: ho | B4: 2 | C4: 0 | D4: 91 | E4: 32554.029 | F4: 146395.3 | G4: 0.22237072
A5: ho | B5: 2 | C5: 1 | D5: 107 | E5: 23342.327 | F5: 94821.16 | G5: 0.24617213
A6: ho | B6: 3 | C6: 0 | D6: 146 | E6: 35650.039 | F6: 157283.33 | G6: 0.22666127
A7: ho | B7: 3 | C7: 1 | D7: 513 | E7: 98135.72 | F7: 308243.93 | G7: 0.31837032
A8: ho | B8: 4 | C8: 0 | D8: 103 | E8: 17685.957 | F8: 75218.134 | G8: 0.2351289
A9: ho | B9: 4 | C9: 1 | D9: 613 | E9: 76081.576 | F9: 222159.6 | G9: 0.3424636
A10: ho | B10: 5 | C10: 0 | D10: 279 | E10: 38431.891 | F10: 101390.32 | G10: 0.37904892
A11: ho | B11: 5 | C11: 1 | D11: 952 | E11: 74328.959 | F11: 174204.97 | G11: 0.42667531
A12: hs | B12: 1 | C12: 0 | D12: 100 | E12: 13913.689 | F12: 194132.25 | G12: 0.07167119
A13: hs | B13: 2 | C13: 0 | D13: 83 | E13: 33397.65 | F13: 146395.3 | G13: 0.22813334
... A54: wo | B54: 5 | C54: 1 | D54: 10 | E54: 1087.7845 | F54: 174204.97 | G54: 0.0062442794

Sheet Taul1
A1: model | B1: tot_weight | C1: tot_xfactor | D1: weight_per_capita
A2: hw | B2: =SUM('generation-metropolitan'!E29:E37) -> 524164.64 | C2: =SUM('generation-metropolitan'!$F$3:$F$11) -> 1473849 | D2: =B2/C2 -> 0.35564338
A3: hc | B3: ='generation-metropolitan'!E2 -> 175172.77 | C3: =SUM('generation-metropolitan'!$F$3:$F$11) -> 1473849 | D3: =B3/C3 -> 0.11885395
A4: hu | B4: =SUM('generation-metropolitan'!E21:E28) -> 61303.886 | C4: =SUM('generation-metropolitan'!$F$3:$F$11) -> 1473849 | D4: =B4/C4 -> 0.041594415
A5: hs | B5: =SUM('generation-metropolitan'!E12:E20) -> 467521.03 | C5: =SUM('generation-metropolitan'!$F$3:$F$11) -> 1473849 | D5: =B5/C5 -> 0.31721094
A6: ho | B6: =SUM('generation-metropolitan'!E3:E11) -> 483768.65 | C6: =SUM('generation-metropolitan'!$F$3:$F$11) -> 1473849 | D6: =B6/C6 -> 0.32823488
A7: wo | B7: =SUM('generation-metropolitan'!E47:E54) -> 53875.103 | C7: =SUM('generation-metropolitan'!$F$3:$F$11) -> 1473849 | D7: =B7/C7 -> 0.036554019
A8: oo | B8: =SUM('generation-metropolitan'!E38:E46) -> 69458.539 | C8: =SUM('generation-metropolitan'!$F$3:$F$11) -> 1473849 | D8: =B8/C8 -> 0.04712731
